Metric,Value
Expected Return,0.08105081343938747
Risk,0.2695381755691036
