Stock,Weight
AAPL,0.3537637562641418
BAC,0.3499410797125518
DFS,9.540979117872439e-18
META,0.053094096692056225
RIVN,0.2432010673312501
TSLA,1.431146867680866e-17
