,AAPL,BAC,DFS,META,RIVN,TSLA
AAPL,1.0,0.7473918896814641,0.7615973057725902,0.5100856618831094,-0.5386267971333923,0.9613311728261346
BAC,0.7473918896814641,1.0,0.9318674752248803,0.5376055624239456,-0.29465887162981863,0.7897619280431906
DFS,0.7615973057725902,0.9318674752248803,1.0,0.479410732483324,-0.409573749473064,0.7862002513800679
META,0.5100856618831094,0.5376055624239456,0.479410732483324,1.0,0.3747442299276054,0.5404346393889987
RIVN,-0.5386267971333923,-0.29465887162981863,-0.409573749473064,0.3747442299276054,1.0,-0.45842703601147544
TSLA,0.9613311728261346,0.7897619280431906,0.7862002513800679,0.5404346393889987,-0.45842703601147544,1.0
